Epoch,Train Loss,Valid Loss,Eval Score
0,1.6562337941593595,1.1204250898116674,0.38813181658621626
1,1.4385287529892392,1.077418938661233,nan
2,1.350613025603471,1.0537935607453697,nan
3,1.3008927644954786,1.0389932757004714,0.46407272090650215
