Epoch,Train Loss,Valid Loss,Eval Score
0,217.12213914734977,21.453906003634135,0.002041674706097675
1,150.35934080822128,14.484967515865963,0.11730629348188745
2,111.90539570933296,11.011420412196053,0.013862363252008856
3,89.20444646477699,8.979248799880345,0.10555257473721201
4,74.27716188473362,7.568608625531197,0.00037900361202299006
